target_audience_en,impressions,clicks,conversions,cost,revenue,ctr,cvr,cpc,cpa,roi
Female 18-24,25675734,1692659,241126,8901937.86,21907241.39,0.06592446393158614,0.1424539733047235,5.2591442576443335,36.91819986231265,2.460951956139582
Male 25-34,20643717,1306891,115695,7165775.52,9741177.06,0.06330696162905158,0.0885268932145068,5.483070523861592,61.93677790742901,1.3594030447663257
New Users,24334918,1477191,138686,7648005.37,12470590.53,0.06070252630397193,0.09388494785034569,5.177397756958985,55.14619622744906,1.63056770055589
Returning Users,31360453,2075345,329996,11233677.91,35196356.61,0.06617713717336927,0.15900777942944427,5.412920699931819,34.04186084073746,3.1331107133371603
Students,23625296,1532055,132929,7913663.92,10658111.16,0.06484807640082055,0.0867651618251303,5.16539152967746,59.533013262719194,1.346798558511441
Tier-1 White Collar,14659548,809799,103791,4251105.24,9059574.89,0.05524037985345796,0.12816884189780428,5.249580747815199,40.95832239789577,2.1311104709324957
