campaign_name,impressions,clicks,conversions,cost,revenue,ctr,cvr,cpc,cpa,roi,campaign_label
Campaign_013,3364841,321559,21379,1713610.67,1086964.97,0.095564396653512,0.06648546611974786,5.32907077705802,80.15392066981617,0.6343126761693192,Campaign_013
Campaign_039,2505163,250337,11932,1519866.57,705301.44,0.09992842781088496,0.047663749265989444,6.071282191605715,127.37735249748576,0.46405484134044733,Campaign_039
Campaign_026,3222242,233891,13126,1196356.6,814406.4,0.07258641653854676,0.05612015853538614,5.115017679175343,91.14403474021027,0.6807388365642819,Campaign_026
Campaign_036,2039084,182616,13001,1189585.02,837753.5,0.08955786029413207,0.0711931046567661,6.514133591799185,91.49950157680179,0.704240122324338,Campaign_036
